{"cameraMode":{"drawMode":0,"name":"Shaded","section":"Shading Mode"},"sceneLighting":true,"audioPlay":false,"sceneViewState":{"m_AlwaysRefresh":false,"showFog":true,"showSkybox":true,"showFlares":true,"showImageEffects":true,"showParticleSystems":true,"showVisualEffectGraphs":true,"m_FxEnabled":true},"in2DMode":false,"pivot":{"x":0.21656060218811036,"y":1.13105309009552,"z":0.020390748977661134},"rotation":{"x":0.13174645602703095,"y":-0.3446064591407776,"z":0.04891416057944298,"w":0.928172767162323},"size":2.0473973751068117,"orthographic":true}